horizon,seed,reference_count,tcn_count,reference_sha256,tcn_sha256,status
1,42,13641,13641,939f12b7e6fc96602664c3eb6049947274ccbad17789c5b0f9f77202efeb330a,939f12b7e6fc96602664c3eb6049947274ccbad17789c5b0f9f77202efeb330a,PASS
1,2025,13641,13641,939f12b7e6fc96602664c3eb6049947274ccbad17789c5b0f9f77202efeb330a,939f12b7e6fc96602664c3eb6049947274ccbad17789c5b0f9f77202efeb330a,PASS
1,20260623,13641,13641,939f12b7e6fc96602664c3eb6049947274ccbad17789c5b0f9f77202efeb330a,939f12b7e6fc96602664c3eb6049947274ccbad17789c5b0f9f77202efeb330a,PASS
1,20260715,13641,13641,939f12b7e6fc96602664c3eb6049947274ccbad17789c5b0f9f77202efeb330a,939f12b7e6fc96602664c3eb6049947274ccbad17789c5b0f9f77202efeb330a,PASS
1,20260718,13641,13641,939f12b7e6fc96602664c3eb6049947274ccbad17789c5b0f9f77202efeb330a,939f12b7e6fc96602664c3eb6049947274ccbad17789c5b0f9f77202efeb330a,PASS
3,42,13539,13539,9a3a9b9dbc9310a8dc816d1ebf97c8e6c002a848ee99c6924ba46b51154c7715,9a3a9b9dbc9310a8dc816d1ebf97c8e6c002a848ee99c6924ba46b51154c7715,PASS
3,2025,13539,13539,9a3a9b9dbc9310a8dc816d1ebf97c8e6c002a848ee99c6924ba46b51154c7715,9a3a9b9dbc9310a8dc816d1ebf97c8e6c002a848ee99c6924ba46b51154c7715,PASS
3,20260623,13539,13539,9a3a9b9dbc9310a8dc816d1ebf97c8e6c002a848ee99c6924ba46b51154c7715,9a3a9b9dbc9310a8dc816d1ebf97c8e6c002a848ee99c6924ba46b51154c7715,PASS
3,20260715,13539,13539,9a3a9b9dbc9310a8dc816d1ebf97c8e6c002a848ee99c6924ba46b51154c7715,9a3a9b9dbc9310a8dc816d1ebf97c8e6c002a848ee99c6924ba46b51154c7715,PASS
3,20260718,13539,13539,9a3a9b9dbc9310a8dc816d1ebf97c8e6c002a848ee99c6924ba46b51154c7715,9a3a9b9dbc9310a8dc816d1ebf97c8e6c002a848ee99c6924ba46b51154c7715,PASS
6,42,13387,13387,259674dfb74cd79141d025a41431c3ee661df8a4d4cdf25f8c168d86f46d8cf5,259674dfb74cd79141d025a41431c3ee661df8a4d4cdf25f8c168d86f46d8cf5,PASS
6,2025,13387,13387,259674dfb74cd79141d025a41431c3ee661df8a4d4cdf25f8c168d86f46d8cf5,259674dfb74cd79141d025a41431c3ee661df8a4d4cdf25f8c168d86f46d8cf5,PASS
6,20260623,13387,13387,259674dfb74cd79141d025a41431c3ee661df8a4d4cdf25f8c168d86f46d8cf5,259674dfb74cd79141d025a41431c3ee661df8a4d4cdf25f8c168d86f46d8cf5,PASS
6,20260715,13387,13387,259674dfb74cd79141d025a41431c3ee661df8a4d4cdf25f8c168d86f46d8cf5,259674dfb74cd79141d025a41431c3ee661df8a4d4cdf25f8c168d86f46d8cf5,PASS
6,20260718,13387,13387,259674dfb74cd79141d025a41431c3ee661df8a4d4cdf25f8c168d86f46d8cf5,259674dfb74cd79141d025a41431c3ee661df8a4d4cdf25f8c168d86f46d8cf5,PASS
