variant,horizon,seed,sample_count,reference_count,sample_id_sha256,reference_sha256,status
R0_current_rainfall_only,1,42,13641,13641,939f12b7e6fc96602664c3eb6049947274ccbad17789c5b0f9f77202efeb330a,939f12b7e6fc96602664c3eb6049947274ccbad17789c5b0f9f77202efeb330a,PASS
R0_current_rainfall_only,1,2025,13641,13641,939f12b7e6fc96602664c3eb6049947274ccbad17789c5b0f9f77202efeb330a,939f12b7e6fc96602664c3eb6049947274ccbad17789c5b0f9f77202efeb330a,PASS
R0_current_rainfall_only,1,20260623,13641,13641,939f12b7e6fc96602664c3eb6049947274ccbad17789c5b0f9f77202efeb330a,939f12b7e6fc96602664c3eb6049947274ccbad17789c5b0f9f77202efeb330a,PASS
R0_current_rainfall_only,1,20260715,13641,13641,939f12b7e6fc96602664c3eb6049947274ccbad17789c5b0f9f77202efeb330a,939f12b7e6fc96602664c3eb6049947274ccbad17789c5b0f9f77202efeb330a,PASS
R0_current_rainfall_only,1,20260718,13641,13641,939f12b7e6fc96602664c3eb6049947274ccbad17789c5b0f9f77202efeb330a,939f12b7e6fc96602664c3eb6049947274ccbad17789c5b0f9f77202efeb330a,PASS
R0_current_rainfall_only,3,42,13539,13539,9a3a9b9dbc9310a8dc816d1ebf97c8e6c002a848ee99c6924ba46b51154c7715,9a3a9b9dbc9310a8dc816d1ebf97c8e6c002a848ee99c6924ba46b51154c7715,PASS
R0_current_rainfall_only,3,2025,13539,13539,9a3a9b9dbc9310a8dc816d1ebf97c8e6c002a848ee99c6924ba46b51154c7715,9a3a9b9dbc9310a8dc816d1ebf97c8e6c002a848ee99c6924ba46b51154c7715,PASS
R0_current_rainfall_only,3,20260623,13539,13539,9a3a9b9dbc9310a8dc816d1ebf97c8e6c002a848ee99c6924ba46b51154c7715,9a3a9b9dbc9310a8dc816d1ebf97c8e6c002a848ee99c6924ba46b51154c7715,PASS
R0_current_rainfall_only,3,20260715,13539,13539,9a3a9b9dbc9310a8dc816d1ebf97c8e6c002a848ee99c6924ba46b51154c7715,9a3a9b9dbc9310a8dc816d1ebf97c8e6c002a848ee99c6924ba46b51154c7715,PASS
R0_current_rainfall_only,3,20260718,13539,13539,9a3a9b9dbc9310a8dc816d1ebf97c8e6c002a848ee99c6924ba46b51154c7715,9a3a9b9dbc9310a8dc816d1ebf97c8e6c002a848ee99c6924ba46b51154c7715,PASS
R0_current_rainfall_only,6,42,13387,13387,259674dfb74cd79141d025a41431c3ee661df8a4d4cdf25f8c168d86f46d8cf5,259674dfb74cd79141d025a41431c3ee661df8a4d4cdf25f8c168d86f46d8cf5,PASS
R0_current_rainfall_only,6,2025,13387,13387,259674dfb74cd79141d025a41431c3ee661df8a4d4cdf25f8c168d86f46d8cf5,259674dfb74cd79141d025a41431c3ee661df8a4d4cdf25f8c168d86f46d8cf5,PASS
R0_current_rainfall_only,6,20260623,13387,13387,259674dfb74cd79141d025a41431c3ee661df8a4d4cdf25f8c168d86f46d8cf5,259674dfb74cd79141d025a41431c3ee661df8a4d4cdf25f8c168d86f46d8cf5,PASS
R0_current_rainfall_only,6,20260715,13387,13387,259674dfb74cd79141d025a41431c3ee661df8a4d4cdf25f8c168d86f46d8cf5,259674dfb74cd79141d025a41431c3ee661df8a4d4cdf25f8c168d86f46d8cf5,PASS
R0_current_rainfall_only,6,20260718,13387,13387,259674dfb74cd79141d025a41431c3ee661df8a4d4cdf25f8c168d86f46d8cf5,259674dfb74cd79141d025a41431c3ee661df8a4d4cdf25f8c168d86f46d8cf5,PASS
R1_current_plus_rain_flag,1,42,13641,13641,939f12b7e6fc96602664c3eb6049947274ccbad17789c5b0f9f77202efeb330a,939f12b7e6fc96602664c3eb6049947274ccbad17789c5b0f9f77202efeb330a,PASS
R1_current_plus_rain_flag,1,2025,13641,13641,939f12b7e6fc96602664c3eb6049947274ccbad17789c5b0f9f77202efeb330a,939f12b7e6fc96602664c3eb6049947274ccbad17789c5b0f9f77202efeb330a,PASS
R1_current_plus_rain_flag,1,20260623,13641,13641,939f12b7e6fc96602664c3eb6049947274ccbad17789c5b0f9f77202efeb330a,939f12b7e6fc96602664c3eb6049947274ccbad17789c5b0f9f77202efeb330a,PASS
R1_current_plus_rain_flag,1,20260715,13641,13641,939f12b7e6fc96602664c3eb6049947274ccbad17789c5b0f9f77202efeb330a,939f12b7e6fc96602664c3eb6049947274ccbad17789c5b0f9f77202efeb330a,PASS
R1_current_plus_rain_flag,1,20260718,13641,13641,939f12b7e6fc96602664c3eb6049947274ccbad17789c5b0f9f77202efeb330a,939f12b7e6fc96602664c3eb6049947274ccbad17789c5b0f9f77202efeb330a,PASS
R1_current_plus_rain_flag,3,42,13539,13539,9a3a9b9dbc9310a8dc816d1ebf97c8e6c002a848ee99c6924ba46b51154c7715,9a3a9b9dbc9310a8dc816d1ebf97c8e6c002a848ee99c6924ba46b51154c7715,PASS
R1_current_plus_rain_flag,3,2025,13539,13539,9a3a9b9dbc9310a8dc816d1ebf97c8e6c002a848ee99c6924ba46b51154c7715,9a3a9b9dbc9310a8dc816d1ebf97c8e6c002a848ee99c6924ba46b51154c7715,PASS
R1_current_plus_rain_flag,3,20260623,13539,13539,9a3a9b9dbc9310a8dc816d1ebf97c8e6c002a848ee99c6924ba46b51154c7715,9a3a9b9dbc9310a8dc816d1ebf97c8e6c002a848ee99c6924ba46b51154c7715,PASS
R1_current_plus_rain_flag,3,20260715,13539,13539,9a3a9b9dbc9310a8dc816d1ebf97c8e6c002a848ee99c6924ba46b51154c7715,9a3a9b9dbc9310a8dc816d1ebf97c8e6c002a848ee99c6924ba46b51154c7715,PASS
R1_current_plus_rain_flag,3,20260718,13539,13539,9a3a9b9dbc9310a8dc816d1ebf97c8e6c002a848ee99c6924ba46b51154c7715,9a3a9b9dbc9310a8dc816d1ebf97c8e6c002a848ee99c6924ba46b51154c7715,PASS
R1_current_plus_rain_flag,6,42,13387,13387,259674dfb74cd79141d025a41431c3ee661df8a4d4cdf25f8c168d86f46d8cf5,259674dfb74cd79141d025a41431c3ee661df8a4d4cdf25f8c168d86f46d8cf5,PASS
R1_current_plus_rain_flag,6,2025,13387,13387,259674dfb74cd79141d025a41431c3ee661df8a4d4cdf25f8c168d86f46d8cf5,259674dfb74cd79141d025a41431c3ee661df8a4d4cdf25f8c168d86f46d8cf5,PASS
R1_current_plus_rain_flag,6,20260623,13387,13387,259674dfb74cd79141d025a41431c3ee661df8a4d4cdf25f8c168d86f46d8cf5,259674dfb74cd79141d025a41431c3ee661df8a4d4cdf25f8c168d86f46d8cf5,PASS
R1_current_plus_rain_flag,6,20260715,13387,13387,259674dfb74cd79141d025a41431c3ee661df8a4d4cdf25f8c168d86f46d8cf5,259674dfb74cd79141d025a41431c3ee661df8a4d4cdf25f8c168d86f46d8cf5,PASS
R1_current_plus_rain_flag,6,20260718,13387,13387,259674dfb74cd79141d025a41431c3ee661df8a4d4cdf25f8c168d86f46d8cf5,259674dfb74cd79141d025a41431c3ee661df8a4d4cdf25f8c168d86f46d8cf5,PASS
R2_current_flag_plus_lag,1,42,13641,13641,939f12b7e6fc96602664c3eb6049947274ccbad17789c5b0f9f77202efeb330a,939f12b7e6fc96602664c3eb6049947274ccbad17789c5b0f9f77202efeb330a,PASS
R2_current_flag_plus_lag,1,2025,13641,13641,939f12b7e6fc96602664c3eb6049947274ccbad17789c5b0f9f77202efeb330a,939f12b7e6fc96602664c3eb6049947274ccbad17789c5b0f9f77202efeb330a,PASS
R2_current_flag_plus_lag,1,20260623,13641,13641,939f12b7e6fc96602664c3eb6049947274ccbad17789c5b0f9f77202efeb330a,939f12b7e6fc96602664c3eb6049947274ccbad17789c5b0f9f77202efeb330a,PASS
R2_current_flag_plus_lag,1,20260715,13641,13641,939f12b7e6fc96602664c3eb6049947274ccbad17789c5b0f9f77202efeb330a,939f12b7e6fc96602664c3eb6049947274ccbad17789c5b0f9f77202efeb330a,PASS
R2_current_flag_plus_lag,1,20260718,13641,13641,939f12b7e6fc96602664c3eb6049947274ccbad17789c5b0f9f77202efeb330a,939f12b7e6fc96602664c3eb6049947274ccbad17789c5b0f9f77202efeb330a,PASS
R2_current_flag_plus_lag,3,42,13539,13539,9a3a9b9dbc9310a8dc816d1ebf97c8e6c002a848ee99c6924ba46b51154c7715,9a3a9b9dbc9310a8dc816d1ebf97c8e6c002a848ee99c6924ba46b51154c7715,PASS
R2_current_flag_plus_lag,3,2025,13539,13539,9a3a9b9dbc9310a8dc816d1ebf97c8e6c002a848ee99c6924ba46b51154c7715,9a3a9b9dbc9310a8dc816d1ebf97c8e6c002a848ee99c6924ba46b51154c7715,PASS
R2_current_flag_plus_lag,3,20260623,13539,13539,9a3a9b9dbc9310a8dc816d1ebf97c8e6c002a848ee99c6924ba46b51154c7715,9a3a9b9dbc9310a8dc816d1ebf97c8e6c002a848ee99c6924ba46b51154c7715,PASS
R2_current_flag_plus_lag,3,20260715,13539,13539,9a3a9b9dbc9310a8dc816d1ebf97c8e6c002a848ee99c6924ba46b51154c7715,9a3a9b9dbc9310a8dc816d1ebf97c8e6c002a848ee99c6924ba46b51154c7715,PASS
R2_current_flag_plus_lag,3,20260718,13539,13539,9a3a9b9dbc9310a8dc816d1ebf97c8e6c002a848ee99c6924ba46b51154c7715,9a3a9b9dbc9310a8dc816d1ebf97c8e6c002a848ee99c6924ba46b51154c7715,PASS
R2_current_flag_plus_lag,6,42,13387,13387,259674dfb74cd79141d025a41431c3ee661df8a4d4cdf25f8c168d86f46d8cf5,259674dfb74cd79141d025a41431c3ee661df8a4d4cdf25f8c168d86f46d8cf5,PASS
R2_current_flag_plus_lag,6,2025,13387,13387,259674dfb74cd79141d025a41431c3ee661df8a4d4cdf25f8c168d86f46d8cf5,259674dfb74cd79141d025a41431c3ee661df8a4d4cdf25f8c168d86f46d8cf5,PASS
R2_current_flag_plus_lag,6,20260623,13387,13387,259674dfb74cd79141d025a41431c3ee661df8a4d4cdf25f8c168d86f46d8cf5,259674dfb74cd79141d025a41431c3ee661df8a4d4cdf25f8c168d86f46d8cf5,PASS
R2_current_flag_plus_lag,6,20260715,13387,13387,259674dfb74cd79141d025a41431c3ee661df8a4d4cdf25f8c168d86f46d8cf5,259674dfb74cd79141d025a41431c3ee661df8a4d4cdf25f8c168d86f46d8cf5,PASS
R2_current_flag_plus_lag,6,20260718,13387,13387,259674dfb74cd79141d025a41431c3ee661df8a4d4cdf25f8c168d86f46d8cf5,259674dfb74cd79141d025a41431c3ee661df8a4d4cdf25f8c168d86f46d8cf5,PASS
R3_current_flag_lag_cumulative,1,42,13641,13641,939f12b7e6fc96602664c3eb6049947274ccbad17789c5b0f9f77202efeb330a,939f12b7e6fc96602664c3eb6049947274ccbad17789c5b0f9f77202efeb330a,PASS
R3_current_flag_lag_cumulative,1,2025,13641,13641,939f12b7e6fc96602664c3eb6049947274ccbad17789c5b0f9f77202efeb330a,939f12b7e6fc96602664c3eb6049947274ccbad17789c5b0f9f77202efeb330a,PASS
R3_current_flag_lag_cumulative,1,20260623,13641,13641,939f12b7e6fc96602664c3eb6049947274ccbad17789c5b0f9f77202efeb330a,939f12b7e6fc96602664c3eb6049947274ccbad17789c5b0f9f77202efeb330a,PASS
R3_current_flag_lag_cumulative,1,20260715,13641,13641,939f12b7e6fc96602664c3eb6049947274ccbad17789c5b0f9f77202efeb330a,939f12b7e6fc96602664c3eb6049947274ccbad17789c5b0f9f77202efeb330a,PASS
R3_current_flag_lag_cumulative,1,20260718,13641,13641,939f12b7e6fc96602664c3eb6049947274ccbad17789c5b0f9f77202efeb330a,939f12b7e6fc96602664c3eb6049947274ccbad17789c5b0f9f77202efeb330a,PASS
R3_current_flag_lag_cumulative,3,42,13539,13539,9a3a9b9dbc9310a8dc816d1ebf97c8e6c002a848ee99c6924ba46b51154c7715,9a3a9b9dbc9310a8dc816d1ebf97c8e6c002a848ee99c6924ba46b51154c7715,PASS
R3_current_flag_lag_cumulative,3,2025,13539,13539,9a3a9b9dbc9310a8dc816d1ebf97c8e6c002a848ee99c6924ba46b51154c7715,9a3a9b9dbc9310a8dc816d1ebf97c8e6c002a848ee99c6924ba46b51154c7715,PASS
R3_current_flag_lag_cumulative,3,20260623,13539,13539,9a3a9b9dbc9310a8dc816d1ebf97c8e6c002a848ee99c6924ba46b51154c7715,9a3a9b9dbc9310a8dc816d1ebf97c8e6c002a848ee99c6924ba46b51154c7715,PASS
R3_current_flag_lag_cumulative,3,20260715,13539,13539,9a3a9b9dbc9310a8dc816d1ebf97c8e6c002a848ee99c6924ba46b51154c7715,9a3a9b9dbc9310a8dc816d1ebf97c8e6c002a848ee99c6924ba46b51154c7715,PASS
R3_current_flag_lag_cumulative,3,20260718,13539,13539,9a3a9b9dbc9310a8dc816d1ebf97c8e6c002a848ee99c6924ba46b51154c7715,9a3a9b9dbc9310a8dc816d1ebf97c8e6c002a848ee99c6924ba46b51154c7715,PASS
R3_current_flag_lag_cumulative,6,42,13387,13387,259674dfb74cd79141d025a41431c3ee661df8a4d4cdf25f8c168d86f46d8cf5,259674dfb74cd79141d025a41431c3ee661df8a4d4cdf25f8c168d86f46d8cf5,PASS
R3_current_flag_lag_cumulative,6,2025,13387,13387,259674dfb74cd79141d025a41431c3ee661df8a4d4cdf25f8c168d86f46d8cf5,259674dfb74cd79141d025a41431c3ee661df8a4d4cdf25f8c168d86f46d8cf5,PASS
R3_current_flag_lag_cumulative,6,20260623,13387,13387,259674dfb74cd79141d025a41431c3ee661df8a4d4cdf25f8c168d86f46d8cf5,259674dfb74cd79141d025a41431c3ee661df8a4d4cdf25f8c168d86f46d8cf5,PASS
R3_current_flag_lag_cumulative,6,20260715,13387,13387,259674dfb74cd79141d025a41431c3ee661df8a4d4cdf25f8c168d86f46d8cf5,259674dfb74cd79141d025a41431c3ee661df8a4d4cdf25f8c168d86f46d8cf5,PASS
R3_current_flag_lag_cumulative,6,20260718,13387,13387,259674dfb74cd79141d025a41431c3ee661df8a4d4cdf25f8c168d86f46d8cf5,259674dfb74cd79141d025a41431c3ee661df8a4d4cdf25f8c168d86f46d8cf5,PASS
R4_current_flag_lag_cumulative_post_rain,1,42,13641,13641,939f12b7e6fc96602664c3eb6049947274ccbad17789c5b0f9f77202efeb330a,939f12b7e6fc96602664c3eb6049947274ccbad17789c5b0f9f77202efeb330a,PASS
R4_current_flag_lag_cumulative_post_rain,1,2025,13641,13641,939f12b7e6fc96602664c3eb6049947274ccbad17789c5b0f9f77202efeb330a,939f12b7e6fc96602664c3eb6049947274ccbad17789c5b0f9f77202efeb330a,PASS
R4_current_flag_lag_cumulative_post_rain,1,20260623,13641,13641,939f12b7e6fc96602664c3eb6049947274ccbad17789c5b0f9f77202efeb330a,939f12b7e6fc96602664c3eb6049947274ccbad17789c5b0f9f77202efeb330a,PASS
R4_current_flag_lag_cumulative_post_rain,1,20260715,13641,13641,939f12b7e6fc96602664c3eb6049947274ccbad17789c5b0f9f77202efeb330a,939f12b7e6fc96602664c3eb6049947274ccbad17789c5b0f9f77202efeb330a,PASS
R4_current_flag_lag_cumulative_post_rain,1,20260718,13641,13641,939f12b7e6fc96602664c3eb6049947274ccbad17789c5b0f9f77202efeb330a,939f12b7e6fc96602664c3eb6049947274ccbad17789c5b0f9f77202efeb330a,PASS
R4_current_flag_lag_cumulative_post_rain,3,42,13539,13539,9a3a9b9dbc9310a8dc816d1ebf97c8e6c002a848ee99c6924ba46b51154c7715,9a3a9b9dbc9310a8dc816d1ebf97c8e6c002a848ee99c6924ba46b51154c7715,PASS
R4_current_flag_lag_cumulative_post_rain,3,2025,13539,13539,9a3a9b9dbc9310a8dc816d1ebf97c8e6c002a848ee99c6924ba46b51154c7715,9a3a9b9dbc9310a8dc816d1ebf97c8e6c002a848ee99c6924ba46b51154c7715,PASS
R4_current_flag_lag_cumulative_post_rain,3,20260623,13539,13539,9a3a9b9dbc9310a8dc816d1ebf97c8e6c002a848ee99c6924ba46b51154c7715,9a3a9b9dbc9310a8dc816d1ebf97c8e6c002a848ee99c6924ba46b51154c7715,PASS
R4_current_flag_lag_cumulative_post_rain,3,20260715,13539,13539,9a3a9b9dbc9310a8dc816d1ebf97c8e6c002a848ee99c6924ba46b51154c7715,9a3a9b9dbc9310a8dc816d1ebf97c8e6c002a848ee99c6924ba46b51154c7715,PASS
R4_current_flag_lag_cumulative_post_rain,3,20260718,13539,13539,9a3a9b9dbc9310a8dc816d1ebf97c8e6c002a848ee99c6924ba46b51154c7715,9a3a9b9dbc9310a8dc816d1ebf97c8e6c002a848ee99c6924ba46b51154c7715,PASS
R4_current_flag_lag_cumulative_post_rain,6,42,13387,13387,259674dfb74cd79141d025a41431c3ee661df8a4d4cdf25f8c168d86f46d8cf5,259674dfb74cd79141d025a41431c3ee661df8a4d4cdf25f8c168d86f46d8cf5,PASS
R4_current_flag_lag_cumulative_post_rain,6,2025,13387,13387,259674dfb74cd79141d025a41431c3ee661df8a4d4cdf25f8c168d86f46d8cf5,259674dfb74cd79141d025a41431c3ee661df8a4d4cdf25f8c168d86f46d8cf5,PASS
R4_current_flag_lag_cumulative_post_rain,6,20260623,13387,13387,259674dfb74cd79141d025a41431c3ee661df8a4d4cdf25f8c168d86f46d8cf5,259674dfb74cd79141d025a41431c3ee661df8a4d4cdf25f8c168d86f46d8cf5,PASS
R4_current_flag_lag_cumulative_post_rain,6,20260715,13387,13387,259674dfb74cd79141d025a41431c3ee661df8a4d4cdf25f8c168d86f46d8cf5,259674dfb74cd79141d025a41431c3ee661df8a4d4cdf25f8c168d86f46d8cf5,PASS
R4_current_flag_lag_cumulative_post_rain,6,20260718,13387,13387,259674dfb74cd79141d025a41431c3ee661df8a4d4cdf25f8c168d86f46d8cf5,259674dfb74cd79141d025a41431c3ee661df8a4d4cdf25f8c168d86f46d8cf5,PASS
R5_full_rainfall,1,42,13641,13641,939f12b7e6fc96602664c3eb6049947274ccbad17789c5b0f9f77202efeb330a,939f12b7e6fc96602664c3eb6049947274ccbad17789c5b0f9f77202efeb330a,PASS
R5_full_rainfall,1,2025,13641,13641,939f12b7e6fc96602664c3eb6049947274ccbad17789c5b0f9f77202efeb330a,939f12b7e6fc96602664c3eb6049947274ccbad17789c5b0f9f77202efeb330a,PASS
R5_full_rainfall,1,20260623,13641,13641,939f12b7e6fc96602664c3eb6049947274ccbad17789c5b0f9f77202efeb330a,939f12b7e6fc96602664c3eb6049947274ccbad17789c5b0f9f77202efeb330a,PASS
R5_full_rainfall,1,20260715,13641,13641,939f12b7e6fc96602664c3eb6049947274ccbad17789c5b0f9f77202efeb330a,939f12b7e6fc96602664c3eb6049947274ccbad17789c5b0f9f77202efeb330a,PASS
R5_full_rainfall,1,20260718,13641,13641,939f12b7e6fc96602664c3eb6049947274ccbad17789c5b0f9f77202efeb330a,939f12b7e6fc96602664c3eb6049947274ccbad17789c5b0f9f77202efeb330a,PASS
R5_full_rainfall,3,42,13539,13539,9a3a9b9dbc9310a8dc816d1ebf97c8e6c002a848ee99c6924ba46b51154c7715,9a3a9b9dbc9310a8dc816d1ebf97c8e6c002a848ee99c6924ba46b51154c7715,PASS
R5_full_rainfall,3,2025,13539,13539,9a3a9b9dbc9310a8dc816d1ebf97c8e6c002a848ee99c6924ba46b51154c7715,9a3a9b9dbc9310a8dc816d1ebf97c8e6c002a848ee99c6924ba46b51154c7715,PASS
R5_full_rainfall,3,20260623,13539,13539,9a3a9b9dbc9310a8dc816d1ebf97c8e6c002a848ee99c6924ba46b51154c7715,9a3a9b9dbc9310a8dc816d1ebf97c8e6c002a848ee99c6924ba46b51154c7715,PASS
R5_full_rainfall,3,20260715,13539,13539,9a3a9b9dbc9310a8dc816d1ebf97c8e6c002a848ee99c6924ba46b51154c7715,9a3a9b9dbc9310a8dc816d1ebf97c8e6c002a848ee99c6924ba46b51154c7715,PASS
R5_full_rainfall,3,20260718,13539,13539,9a3a9b9dbc9310a8dc816d1ebf97c8e6c002a848ee99c6924ba46b51154c7715,9a3a9b9dbc9310a8dc816d1ebf97c8e6c002a848ee99c6924ba46b51154c7715,PASS
R5_full_rainfall,6,42,13387,13387,259674dfb74cd79141d025a41431c3ee661df8a4d4cdf25f8c168d86f46d8cf5,259674dfb74cd79141d025a41431c3ee661df8a4d4cdf25f8c168d86f46d8cf5,PASS
R5_full_rainfall,6,2025,13387,13387,259674dfb74cd79141d025a41431c3ee661df8a4d4cdf25f8c168d86f46d8cf5,259674dfb74cd79141d025a41431c3ee661df8a4d4cdf25f8c168d86f46d8cf5,PASS
R5_full_rainfall,6,20260623,13387,13387,259674dfb74cd79141d025a41431c3ee661df8a4d4cdf25f8c168d86f46d8cf5,259674dfb74cd79141d025a41431c3ee661df8a4d4cdf25f8c168d86f46d8cf5,PASS
R5_full_rainfall,6,20260715,13387,13387,259674dfb74cd79141d025a41431c3ee661df8a4d4cdf25f8c168d86f46d8cf5,259674dfb74cd79141d025a41431c3ee661df8a4d4cdf25f8c168d86f46d8cf5,PASS
R5_full_rainfall,6,20260718,13387,13387,259674dfb74cd79141d025a41431c3ee661df8a4d4cdf25f8c168d86f46d8cf5,259674dfb74cd79141d025a41431c3ee661df8a4d4cdf25f8c168d86f46d8cf5,PASS
